{
  "train_loss": [
    1.0047496541652805,
    0.41498474551523046,
    0.3507233055101501,
    0.3184834548387847,
    0.3106409182248552,
    0.3036303338929524,
    0.2791652240321722,
    0.270252545437246,
    0.25976806055005713,
    0.25139347260309614,
    0.2459957156805139,
    0.21143781776339107,
    0.1980588970179858,
    0.1982387150754316,
    0.19708430198688148,
    0.192583804620346,
    0.2019635856157668,
    0.198782590147887,
    0.1837183704405332,
    0.17938762369453054,
    0.17730825150486934,
    0.17788553899884516,
    0.17781108486830513,
    0.17460437299207138,
    0.17448499289870525
  ],
  "train_acc": [
    71.078180889116,
    85.67194685743485,
    87.08226877874297,
    88.13490035769034,
    88.5743484925907,
    89.05467552376086,
    89.26928972917732,
    89.95401124169648,
    90.19928461931528,
    90.48543689320388,
    90.48543689320388,
    91.45631067961165,
    91.69136433316301,
    91.68114460909555,
    91.94685743484926,
    91.9570771589167,
    91.7118037812979,
    91.74246295350025,
    92.17169136433316,
    92.34542667347982,
    92.74399591211038,
    92.47828308635667,
    92.71333673990802,
    92.43740419008687,
    93.06080735820133
  ],
  "val_loss": [
    0.34577200454518653,
    0.3102543673506289,
    0.289973434597028,
    0.24852624624459582,
    0.23141013294684165,
    0.2702752165902039,
    0.2529381014350237,
    0.25399277674626897,
    0.2169199260657258,
    0.24577945617563796,
    0.23759671589924078,
    0.21195221313147075,
    0.20434807966265714,
    0.19796089589941734,
    0.20524323950380538,
    0.2069394175297489,
    0.2281868771621675,
    0.21302643996860945,
    0.19717323320042907,
    0.20359064867212015,
    0.20472766305178855,
    0.19979583559501352,
    0.21532042774682245,
    0.22487070688018293,
    0.2080649437213486
  ],
  "val_acc": [
    86.17224880382776,
    88.66028708133972,
    88.27751196172248,
    89.52153110047847,
    90.19138755980862,
    88.99521531100478,
    90.7177033492823,
    89.95215311004785,
    90.66985645933015,
    90.43062200956938,
    90.57416267942584,
    91.5311004784689,
    91.19617224880383,
    92.00956937799043,
    91.29186602870813,
    91.57894736842105,
    91.10047846889952,
    91.77033492822966,
    91.38755980861244,
    91.77033492822966,
    92.2488038277512,
    92.1531100478469,
    91.81818181818181,
    91.67464114832536,
    92.05741626794259
  ]
}